id,user_id,thana_id,district_id,division_id,comment,created_at,updated_at
1,2345,499,14,4,Programmer1,2025-08-31 11:31:15.543,2025-08-31 11:31:15.543
2,2296,407,14,4,director stat,2025-08-31 13:26:55.183,2025-08-31 13:26:55.183
3,2296,255,14,4,director stat,2025-08-31 13:33:02.813,2025-08-31 13:33:02.813
4,2296,101,14,4,director stat,2025-08-31 13:45:39.730,2025-08-31 13:45:39.730
5,2345,422,14,4,Programmer1,2025-08-31 14:08:48.100,2025-08-31 14:08:48.100
6,2345,48,14,4,Programmer1,2025-08-31 14:08:48.350,2025-08-31 14:08:48.350
7,2345,84,14,4,Programmer1,2025-08-31 14:08:48.400,2025-08-31 14:08:48.400
8,2348,138,14,4,director stat,2025-08-31 14:12:11.387,2025-08-31 14:12:11.387
9,2348,75,14,4,director stat,2025-08-31 14:12:11.440,2025-08-31 14:12:11.440
10,2348,476,14,4,director stat,2025-08-31 14:12:11.520,2025-08-31 14:12:11.520
11,5132,501,14,4,director stat,2025-08-31 14:13:50.077,2025-08-31 14:13:50.077
12,5132,195,14,4,director stat,2025-08-31 14:13:50.120,2025-08-31 14:13:50.120
13,5545,59,19,4,director stat,2025-08-31 14:32:52.767,2025-08-31 14:32:52.767
14,2958,362,29,4,director stat,2025-08-31 14:40:38.890,2025-08-31 14:40:38.890
15,3637,582,63,7,director stat,2025-08-31 14:45:01.937,2025-08-31 14:45:01.937
16,3637,584,63,7,director stat,2025-08-31 14:45:02.003,2025-08-31 14:45:02.003
17,3637,586,63,7,director stat,2025-08-31 14:45:02.120,2025-08-31 14:45:02.120
18,3367,90,54,6,director stat- inserted by morshed,2025-09-01 10:45:11.540,2025-09-01 10:45:11.540
19,3366,26,57,8,director stat- inserted by morshed,2025-09-01 10:48:12.173,2025-09-01 10:48:12.173
20,3365,463,57,8,director stat- inserted by morshed,2025-09-01 10:50:16.803,2025-09-01 10:50:16.803
21,3316,292,15,8,director stat- inserted by morshed,2025-09-01 11:48:07.057,2025-09-01 11:48:07.057
22,5472,45,8,3,director stat- inserted by morshed,2025-09-01 11:50:10.047,2025-09-01 11:50:10.047
23,2337,470,3,3,director stat- inserted by morshed,2025-09-04 17:12:59.307,2025-09-04 17:12:59.307
24,2337,557,3,3,director stat- inserted by morshed,2025-09-04 17:13:24.243,2025-09-04 17:13:24.243
25,2337,557,3,3,director stat- inserted by morshed,2025-09-04 17:13:36.323,2025-09-04 17:13:36.323
26,2337,474,3,3,director stat- inserted by morshed,2025-09-04 17:13:51.353,2025-09-04 17:13:51.353
